scheme_id,district_id,year,target_beneficiaries,actual_beneficiaries
S001,MH01,2026,12474,6895
S001,MH02,2026,8530,6115
S001,MH03,2026,6748,2351
S001,MH04,2026,3663,3396
S001,MH05,2026,6304,4485
S001,MH06,2026,16808,10951
S002,MH01,2026,14649,12230
S002,MH02,2026,4636,3078
S002,MH03,2026,7737,2367
S002,MH04,2026,8855,8087
S002,MH05,2026,16949,10304
S002,MH06,2026,8791,6779
S003,MH01,2026,7931,4618
S003,MH02,2026,14447,9319
S003,MH03,2026,7389,5150
S003,MH04,2026,10777,8658
S003,MH05,2026,4930,4321
S003,MH06,2026,12339,9294
S004,MH01,2026,18708,16712
S004,MH02,2026,5811,4770
S004,MH03,2026,9546,7965
S004,MH04,2026,11338,7817
S004,MH05,2026,4734,2933
S004,MH06,2026,8759,6631
S005,MH01,2026,14111,8537
S005,MH02,2026,11155,9415
S005,MH03,2026,17257,15874
S005,MH04,2026,19646,15991
S005,MH05,2026,12208,9237
S005,MH06,2026,16168,10456
S006,MH01,2026,8423,7885
S006,MH02,2026,10158,6964
S006,MH03,2026,12874,10819
S006,MH04,2026,4154,3707
S006,MH05,2026,15183,13518
S006,MH06,2026,8539,7765
S007,MH01,2026,18586,12989
S007,MH02,2026,8592,7005
S007,MH03,2026,17172,6095
S007,MH04,2026,14969,12375
S007,MH05,2026,16992,10541
S007,MH06,2026,8699,5609
S008,MH01,2026,6987,4867
S008,MH02,2026,16446,6907
S008,MH03,2026,7735,6012
S008,MH04,2026,7555,5692
S008,MH05,2026,15757,10337
S008,MH06,2026,9893,7775
