scheme_id,district_id,year,allocated_budget_lakh,released_budget_lakh,utilized_budget_lakh
S001,MH01,2026,182,159.71,138.73
S001,MH02,2026,151,131.88,104.11
S001,MH03,2026,294,288.1,165.15
S001,MH04,2026,179,169.63,102.99
S001,MH05,2026,388,378.25,354.78
S001,MH06,2026,373,372.56,205.02
S002,MH01,2026,240,222.89,149.71
S002,MH02,2026,315,292.55,163.6
S002,MH03,2026,249,248.02,141.04
S002,MH04,2026,350,338.72,248.09
S002,MH05,2026,130,129.67,91.16
S002,MH06,2026,210,199.93,178.73
S003,MH01,2026,408,404.87,233.21
S003,MH02,2026,395,358.59,278.02
S003,MH03,2026,425,404.87,238.5
S003,MH04,2026,446,419.91,345.71
S003,MH05,2026,343,338.33,190.74
S003,MH06,2026,499,480.69,299.42
S004,MH01,2026,469,438.59,277.7
S004,MH02,2026,270,247.72,219.71
S004,MH03,2026,450,422.86,160.69
S004,MH04,2026,383,358.32,243.88
S004,MH05,2026,331,297.5,169.01
S004,MH06,2026,287,267.18,226.82
S005,MH01,2026,359,320.28,221.86
S005,MH02,2026,459,410.55,271.13
S005,MH03,2026,380,379.25,219.9
S005,MH04,2026,423,378.17,267.73
S005,MH05,2026,142,135.76,118.95
S005,MH06,2026,242,227.7,197.2
S006,MH01,2026,310,306.05,248.03
S006,MH02,2026,280,251.9,201.35
S006,MH03,2026,127,120.69,84.28
S006,MH04,2026,372,351.78,296.14
S006,MH05,2026,114,98.95,73.11
S006,MH06,2026,210,196.18,167.6
S007,MH01,2026,334,285.93,186.55
S007,MH02,2026,286,244.19,176.06
S007,MH03,2026,258,243.93,137.23
S007,MH04,2026,131,125.02,96.93
S007,MH05,2026,486,452.45,358.23
S007,MH06,2026,108,93.05,59.69
S008,MH01,2026,266,261.23,216.28
S008,MH02,2026,420,396.9,174.64
S008,MH03,2026,213,188.03,137.75
S008,MH04,2026,419,390.05,353.78
S008,MH05,2026,427,421.03,291.57
S008,MH06,2026,464,424.13,271.94
