scheme_id,district_id,year,completion_rate,outcome_score,satisfaction_score
S001,MH01,2026,0.942,73.01,91.24
S001,MH02,2026,0.724,67.95,80.8
S001,MH03,2026,0.425,48.58,53.83
S001,MH04,2026,0.567,91.8,73.8
S001,MH05,2026,0.662,87.69,84.91
S001,MH06,2026,0.931,67.24,77.11
S002,MH01,2026,0.779,91.27,58.01
S002,MH02,2026,0.672,62.06,65.74
S002,MH03,2026,0.477,53.95,41.27
S002,MH04,2026,0.634,79.83,69.35
S002,MH05,2026,0.652,65.93,67.9
S002,MH06,2026,0.889,60.05,83.36
S003,MH01,2026,0.771,65.97,71.79
S003,MH02,2026,0.652,77.63,58.26
S003,MH03,2026,0.552,78.23,62.77
S003,MH04,2026,0.578,69.68,57.03
S003,MH05,2026,0.905,56.02,78.15
S003,MH06,2026,0.725,79.86,68.13
S004,MH01,2026,0.612,91.33,88.56
S004,MH02,2026,0.894,64.26,56.55
S004,MH03,2026,0.671,74.87,68.07
S004,MH04,2026,0.881,65.05,93.61
S004,MH05,2026,0.733,86.15,62.78
S004,MH06,2026,0.715,80.88,60.53
S005,MH01,2026,0.603,90.87,83.58
S005,MH02,2026,0.566,69.76,72.34
S005,MH03,2026,0.848,64.28,62.37
S005,MH04,2026,0.582,70.85,82.54
S005,MH05,2026,0.573,88.86,72.69
S005,MH06,2026,0.646,58.47,62.31
S006,MH01,2026,0.924,78.62,75.67
S006,MH02,2026,0.813,71.12,84.2
S006,MH03,2026,0.569,75.94,61.35
S006,MH04,2026,0.598,67.65,58.67
S006,MH05,2026,0.588,66.52,94.18
S006,MH06,2026,0.62,55.63,85.53
S007,MH01,2026,0.873,67.81,73.59
S007,MH02,2026,0.81,56.78,92.97
S007,MH03,2026,0.49,47.52,49.71
S007,MH04,2026,0.824,77.79,92.76
S007,MH05,2026,0.928,87.09,80.46
S007,MH06,2026,0.87,80.06,77.93
S008,MH01,2026,0.601,85.01,87.83
S008,MH02,2026,0.8,85.36,81.06
S008,MH03,2026,0.633,65.14,63.58
S008,MH04,2026,0.701,56.44,79.73
S008,MH05,2026,0.685,79.26,70.42
S008,MH06,2026,0.823,67.6,65.43
